Workbook

Sheet 20239918128
A1: Espesor [m] | B1: nivel freático [m] | C1: p_seco [kN/m3] | D1: p_saturado [kN/m3] | E1: E (kPa) | F1: Coef.Poisson | G1: Cc | H1: e0 | I1: tipo
A2: 10 | B2: 0 | C2: 15 | D2: 17 | E2: 40000 | F2: 0.3 | I2: e
A3: 25 | B3: None | C3: 19 | D3: 21 | G3: 0.5 | H3: 0.35 | I3: c
C6: Programa | D6: Settle 3D
B7: Asiento(m) | C7: 1.27 | D7: 0.861

Sheet 202399182029
A1: Espesor [m] | B1: nivel freático [m] | C1: p_seco [kN/m3] | D1: p_saturado [kN/m3] | E1: E (kPa) | F1: Coef.Poisson | G1: Cc | H1: e0 | I1: tipo
A2: 10 | B2: 0 | C2: 15 | D2: 17 | E2: 25000 | F2: 0.3 | I2: e
A3: 25 | B3: None | C3: 19 | D3: 21 | G3: 1 | H3: 0.35 | I3: c
C6: Programa | D6: Settle 3D
B7: Asiento(m) | C7: 2.52 | D7: 1.76

Sheet 202399182532
A1: Espesor [m] | B1: nivel freático [m] | C1: p_seco [kN/m3] | D1: p_saturado [kN/m3] | E1: E (kPa) | F1: Coef.Poisson | G1: Cc | H1: e0 | I1: tipo
A2: 10 | B2: 0 | C2: 15 | D2: 17 | G2: 0.55 | H2: 0.35 | I2: c
A3: 25 | B3: None | C3: 19 | D3: 21 | E3: 10000 | F3: 0.3 | I3: e
C6: Programa | D6: Settle 3D
B7: Asiento(m) | C7: 3.08 | D7: 2.94

Sheet 202399183139
A1: Espesor [m] | B1: nivel freático [m] | C1: p_seco [kN/m3] | D1: p_saturado [kN/m3] | E1: E (kPa) | F1: Coef.Poisson | G1: Cc | H1: e0 | I1: tipo
A2: 10 | B2: 0 | C2: 15 | D2: 17 | G2: 0.2 | H2: 0.708 | I2: c
A3: 25 | B3: None | C3: 19 | D3: 21 | E3: 8000 | F3: 0.3 | I3: e
C6: Programa | D6: Settle 3D
B7: Asiento(m) | C7: 1.03 | D7: 0.965

Sheet 202399183729
A1: Espesor [m] | B1: nivel freático [m] | C1: p_seco [kN/m3] | D1: p_saturado [kN/m3] | E1: E (kPa) | F1: Coef.Poisson | G1: Cc | H1: e0 | I1: tipo
A2: 10 | B2: 0 | C2: 15 | D2: 17 | G2: 0.5 | H2: 0.35 | I2: c
A3: 25 | B3: None | C3: 19 | D3: 21 | E3: 40000 | F3: 0.3 | I3: e
C6: Programa | D6: Settle 3D
B7: Asiento(m) | C7: 2.7 | D7: 2.7

Sheet 202399184216
A1: Espesor [m] | B1: nivel freático [m] | C1: p_seco [kN/m3] | D1: p_saturado [kN/m3] | E1: E (kPa) | F1: Coef.Poisson | G1: Cc | H1: e0 | I1: tipo
A2: 10 | B2: 0 | C2: 15 | D2: 17 | E2: 10000 | F2: 0.3 | I2: e
A3: 25 | B3: None | C3: 19 | D3: 21 | G3: 0.55 | H3: 0.35 | I3: c
C6: Programa | D6: Settle 3D
B7: Asiento(m) | C7: 1.46 | D7: 1.05

Sheet resumen
B1: Asiento (m)
A2: ID | B2: Programa | C2: Settle 3D | D2: diferencia | E2: % settle 3D
A3: 20239918128 | B3: ='20239918128'!C7 -> 1.27 | C3: ='20239918128'!D7 -> 0.861 | D3: =(B3-C3) -> 0.409 | E3: =D3*100/C3 -> 47.502904
A4: 20399182029 | B4: ='202399182029'!C7 -> 2.52 | C4: ='202399182029'!D7 -> 1.76 | D4: =(B4-C4) -> 0.76 | E4: =D4*100/C4 -> 43.181818
A5: 202399182532 | B5: ='202399182532'!C7 -> 3.08 | C5: ='202399182532'!D7 -> 2.94 | D5: =(B5-C5) -> 0.14 | E5: =D5*100/C5 -> 4.7619048
A6: 202399183139 | B6: ='202399183139'!C7 -> 1.03 | C6: ='202399183139'!D7 -> 0.965 | D6: =(B6-C6) -> 0.065 | E6: =D6*100/C6 -> 6.7357513
A7: 202399183729 | B7: ='202399183729'!C7 -> 2.7 | C7: ='202399183729'!D7 -> 2.7 | D7: =(B7-C7) -> 0 | E7: =D7*100/C7 -> 0
A8: 2023184216 | B8: ='202399184216'!C7 -> 1.46 | C8: ='202399184216'!D7 -> 1.05 | D8: =(B8-C8) -> 0.41 | E8: =D8*100/C8 -> 39.047619
