Workbook

Sheet 20239910257
A1: Espesor [m] | B1: nivel freático [m] | C1: p_seco [kN/m3] | D1: p_saturado [kN/m3] | E1: E (kPa) | F1: Coef.Poisson | G1: tipo
A2: 10 | B2: 15 | C2: 15 | D2: 17 | E2: 40000 | F2: 0.3 | G2: e
A3: 25 | B3: None | C3: 19 | D3: 21 | E3: 5000 | F3: 0.3 | G3: e
C6: Programa | D6: Settle 3D
B7: Asiento(m) | C7: 0.1733 | D7: 0.214

Sheet 202399101836
A1: Espesor [m] | B1: nivel freático [m] | C1: p_seco [kN/m3] | D1: p_saturado [kN/m3] | E1: E (kPa) | F1: Coef.Poisson | G1: tipo
A2: 10 | B2: 15 | C2: 15 | D2: 17 | E2: 25000 | F2: 0.3 | G2: e
A3: 25 | B3: None | C3: 19 | D3: 21 | E3: 40000 | F3: 0.3 | G3: e
C6: Programa | D6: Settle 3D
B7: Asiento(m) | C7: 0.0749 | D7: 0.0658

Sheet 202399102026
A1: Espesor [m] | B1: nivel freático [m] | C1: p_seco [kN/m3] | D1: p_saturado [kN/m3] | E1: E (kPa) | F1: Coef.Poisson | G1: tipo
A2: 10 | B2: 15 | C2: 15 | D2: 17 | E2: 10000 | F2: 0.3 | G2: e
A3: 25 | B3: None | C3: 19 | D3: 21 | E3: 40000 | F3: 0.3 | G3: e
C6: Programa | D6: Settle 3D
B7: Asiento(m) | C7: 0.1311 | D7: 0.129

Sheet 202399102146
A1: Espesor [m] | B1: nivel freático [m] | C1: p_seco [kN/m3] | D1: p_saturado [kN/m3] | E1: E (kPa) | F1: Coef.Poisson | G1: tipo
A2: 10 | B2: 15 | C2: 15 | D2: 17 | E2: 5000 | F2: 0.3 | G2: e
A3: 25 | B3: None | C3: 19 | D3: 21 | E3: 40000 | F3: 0.3 | G3: e
C6: Programa | D6: Settle 3D
B7: Asiento(m) | C7: 0.2248 | D7: 0.235

Sheet 202399102314
A1: Espesor [m] | B1: nivel freático [m] | C1: p_seco [kN/m3] | D1: p_saturado [kN/m3] | E1: E (kPa) | F1: Coef.Poisson | G1: tipo
A2: 10 | B2: 15 | C2: 15 | D2: 17 | E2: 30000 | F2: 0.3 | G2: e
A3: 25 | B3: None | C3: 19 | D3: 21 | E3: 40000 | F3: 0.3 | G3: e
C6: Programa | D6: Settle 3D
B7: Asiento(m) | C7: 0.0687 | D7: 0.0587

Sheet 202399102413
A1: Espesor [m] | B1: nivel freático [m] | C1: p_seco [kN/m3] | D1: p_saturado [kN/m3] | E1: E (kPa) | F1: Coef.Poisson | G1: tipo
A2: 10 | B2: 15 | C2: 15 | D2: 17 | E2: 40000 | F2: 0.3 | G2: e
A3: 25 | B3: None | C3: 19 | D3: 21 | E3: 25000 | F3: 0.3 | G3: e
C6: Programa | D6: Settle 3D
B7: Asiento(m) | C7: 0.0834 | D7: 0.064

Sheet resumen
B1: Asiento (m)
A2: ID | B2: Programa | C2: Settle 3D | D2: diferencia absoluta | E2: % settle 3D
A3: 20239910257 | B3: ='20239910257'!C7 -> 0.1733 | C3: ='20239910257'!D7 -> 0.214 | D3: =(B3-C3) -> -0.0407 | E3: =D3*100/C3 -> -19.018692
A4: 202399101836 | B4: ='202399101836'!C7 -> 0.0749 | C4: ='202399101836'!D7 -> 0.0658 | D4: =(B4-C4) -> 0.0091 | E4: =D4*100/C4 -> 13.829787
A5: 202399102026 | B5: ='202399102026'!C7 -> 0.1311 | C5: ='202399102026'!D7 -> 0.129 | D5: =(B5-C5) -> 0.0021 | E5: =D5*100/C5 -> 1.627907
A6: 202399102146 | B6: ='202399102146'!C7 -> 0.2248 | C6: ='202399102146'!D7 -> 0.235 | D6: =(B6-C6) -> -0.0102 | E6: =D6*100/C6 -> -4.3404255
A7: 202399102314 | B7: ='202399102314'!C7 -> 0.0687 | C7: ='202399102314'!D7 -> 0.0587 | D7: =(B7-C7) -> 0.01 | E7: =D7*100/C7 -> 17.035775
A8: 202399101213 | B8: ='202399102413'!C7 -> 0.0834 | C8: ='202399102413'!D7 -> 0.064 | D8: =(B8-C8) -> 0.0194 | E8: =D8*100/C8 -> 30.3125
