Workbook

Sheet 202399172945
A1: Espesor [m] | B1: nivel freático [m] | C1: p_seco [kN/m3] | D1: p_saturado [kN/m3] | E1: Cc | F1: e0 | G1: tipo
A2: 10 | B2: 0 | C2: 15 | D2: 17 | E2: 0.3 | F2: 0.25 | G2: c
A3: 25 | B3: None | C3: 19 | D3: 21 | E3: 0.5 | F3: 0.35 | G3: c
C6: Programa | D6: Settle 3D
B7: Asiento(m) | C7: 2.97 | D7: 2.6

Sheet 202399173326
A1: Espesor [m] | B1: nivel freático [m] | C1: p_seco [kN/m3] | D1: p_saturado [kN/m3] | E1: Cc | F1: e0 | G1: tipo
A2: 10 | B2: 0 | C2: 15 | D2: 17 | E2: 0.5 | F2: 0.35 | G2: c
A3: 25 | B3: None | C3: 19 | D3: 21 | E3: 0.3 | F3: 0.25 | G3: c
C6: Programa | D6: Settle 3D
B7: Asiento(m) | C7: 3.47 | D7: 3.24

Sheet 202399173915
A1: Espesor [m] | B1: nivel freático [m] | C1: p_seco [kN/m3] | D1: p_saturado [kN/m3] | E1: Cc | F1: e0 | G1: tipo
A2: 10 | B2: 0 | C2: 15 | D2: 17 | E2: 2 | F2: 0.35 | G2: c | H2: ojo terreno extremadamente deformable
A3: 25 | B3: None | C3: 19 | D3: 21 | E3: 1 | F3: 0.25 | G3: c | H3: ojo terreno extremadamente deformable
C6: Programa | D6: Settle 3D
B7: Asiento(m) | C7: 13.34 | D7: 10.2

Sheet 202399175019
A1: Espesor [m] | B1: nivel freático [m] | C1: p_seco [kN/m3] | D1: p_saturado [kN/m3] | E1: Cc | F1: e0 | G1: tipo
A2: 10 | B2: 0 | C2: 15 | D2: 17 | E2: 0.2 | F2: 0.708 | G2: c
A3: 25 | B3: None | C3: 19 | D3: 21 | E3: 0.4 | F3: 0.841 | G3: c
C6: Programa | D6: Settle 3D
B7: Asiento(m) | C7: 1.57 | D7: 1.35

Sheet 202399175458
A1: Espesor [m] | B1: nivel freático [m] | C1: p_seco [kN/m3] | D1: p_saturado [kN/m3] | E1: Cc | F1: e0 | G1: tipo
A2: 10 | B2: 0 | C2: 15 | D2: 17 | E2: 0.55 | F2: 0.6135 | G2: c
A3: 25 | B3: None | C3: 19 | D3: 21 | E3: 0.225 | F3: 0.841 | G3: c
C6: Programa | D6: Settle 3D
B7: Asiento(m) | C7: 2.86 | D7: 2.75

Sheet 20239918214
A1: Espesor [m] | B1: nivel freático [m] | C1: p_seco [kN/m3] | D1: p_saturado [kN/m3] | E1: Cc | F1: e0 | G1: tipo
A2: 10 | B2: 0 | C2: 15 | D2: 17 | E2: 0.4 | F2: 0.447 | G2: c
A3: 25 | B3: None | C3: 19 | D3: 21 | E3: 0.225 | F3: 0.841 | G3: c
C6: Programa | D6: Settle 3D
B7: Asiento(m) | C7: 2.4 | D7: 2.29

Sheet resumen
B1: Asiento (m)
A2: ID | B2: Programa | C2: Settle 3D | D2: diferencia | E2: % settle 3D
A3: 202399172945 | B3: ='202399172945'!C7 -> 2.97 | C3: ='202399172945'!D7 -> 2.6 | D3: =(B3-C3) -> 0.37 | E3: =D3*100/C3 -> 14.230769
A4: 202399173326 | B4: ='202399173326'!C7 -> 3.47 | C4: ='202399173326'!D7 -> 3.24 | D4: =(B4-C4) -> 0.23 | E4: =D4*100/C4 -> 7.0987654
A5: 202399173915 | B5: ='202399173915'!C7 -> 13.34 | C5: ='202399173915'!D7 -> 10.2 | D5: =(B5-C5) -> 3.14 | E5: =D5*100/C5 -> 30.784314
A6: 202399175019 | B6: ='202399175019'!C7 -> 1.57 | C6: ='202399175019'!D7 -> 1.35 | D6: =(B6-C6) -> 0.22 | E6: =D6*100/C6 -> 16.296296
A7: 202399175458 | B7: ='202399175458'!C7 -> 2.86 | C7: ='202399175458'!D7 -> 2.75 | D7: =(B7-C7) -> 0.11 | E7: =D7*100/C7 -> 4
A8: 20239918214 | B8: ='20239918214'!C7 -> 2.4 | C8: ='20239918214'!D7 -> 2.29 | D8: =(B8-C8) -> 0.11 | E8: =D8*100/C8 -> 4.8034934
